Time,Desired_1,Sensor_1,PID_1,Desired_2,Sensor_2,PID_2,Desired_3,Sensor_3,PID_3,Desired_4,Sensor_4,PID_4,Desired_5,Sensor_5,PID_5,Desired_6,Sensor_6,PID_6,Thruster_1,Thruster_2,Thruster_3,Thruster_4,Thruster_5,Thruster_6,Thruster_7,Thruster_8
0.0,1.0,0.0,0.9469457747712254,0.0,0.0,-8.713637503583689e-17,0.0,0.0,0.0,0.0,0.0,0.0,0.0,0.0,0.0,0.0,0.0,1.1577238879055255e-17,1835.0,1165.0,1165.0,1835.0,1500.0,1500.0,1500.0,1500.0
0.1,1.0,0.5198570013636112,0.28892448322072073,0.0,-8.213321734421652e-17,1.0224751839403987e-18,0.0,0.0,0.0,0.0,0.0,0.0,0.0,0.0,0.0,0.0,-8.415381851094305e-18,2.061978686749615e-17,1602.0,1398.0,1398.0,1602.0,1500.0,1500.0,1500.0,1500.0
0.2,1.0,0.5249749359092087,0.518186234773375,0.0,-8.323282929508413e-17,-3.457895227641195e-17,0.0,0.0,0.0,0.0,0.0,0.0,0.0,0.0,0.0,0.0,-8.606915974561709e-18,1.705646087003546e-17,1683.0,1317.0,1317.0,1683.0,1500.0,1500.0,1500.0,1500.0
0.30000000000000004,1.0,0.5542304601686607,0.4846940868023451,0.0,-8.813824713455403e-17,-2.9460583125058544e-17,0.0,0.0,0.0,0.0,0.0,0.0,0.0,0.0,0.0,0.0,-9.072017102579594e-18,1.7505981780886542e-17,1671.0,1329.0,1329.0,1671.0,1500.0,1500.0,1500.0,1500.0
0.4,1.0,0.5788638933934642,0.46754418064536946,0.0,-9.075879677820445e-17,-2.839407780988458e-17,0.0,0.0,0.0,0.0,0.0,0.0,0.0,0.0,0.0,0.0,-8.706046174549295e-18,1.6966001502396925e-17,1665.0,1335.0,1335.0,1665.0,1500.0,1500.0,1500.0,1500.0
0.5,1.0,0.6004995933717859,0.4517318347601276,0.0,-9.442082267435324e-17,-2.51722492757096e-17,0.0,0.0,0.0,0.0,0.0,0.0,0.0,0.0,0.0,0.0,-9.170158478822303e-18,1.7669147015914386e-17,1660.0,1340.0,1340.0,1660.0,1500.0,1500.0,1500.0,1500.0
0.6000000000000001,1.0,0.6205902860648467,0.4371137553407955,0.0,-9.800997425516867e-17,-2.2556013213489985e-17,0.0,0.0,0.0,0.0,0.0,0.0,0.0,0.0,0.0,0.0,-9.62964126286019e-18,1.7989655813520103e-17,1655.0,1345.0,1345.0,1655.0,1500.0,1500.0,1500.0,1500.0
0.7000000000000001,1.0,0.6391667171176229,0.42324504423252574,0.0,-1.0152770171952587e-16,-1.9893731889077927e-17,0.0,0.0,0.0,0.0,0.0,0.0,0.0,0.0,0.0,0.0,-9.25810803383109e-18,1.745318224067858e-17,1650.0,1350.0,1350.0,1650.0,1500.0,1500.0,1500.0,1500.0
0.8,1.0,0.655423177694987,0.4115808115076395,0.0,-1.0497542640734237e-16,-1.7260534384779224e-17,0.0,0.0,0.0,0.0,0.0,0.0,0.0,0.0,0.0,0.0,-9.441235963625694e-18,1.7861527029887934e-17,1646.0,1354.0,1354.0,1646.0,1500.0,1500.0,1500.0,1500.0
0.9,1.0,0.6702416778511691,0.4003021457027179,0.0,-1.0726091618346429e-16,-1.577347940912412e-17,0.0,0.0,0.0,0.0,0.0,0.0,0.0,0.0,0.0,0.0,-8.79610452002439e-18,1.713990921562459e-17,1642.0,1358.0,1358.0,1642.0,1500.0,1500.0,1500.0,1500.0
1.0,1.0,0.6833722187846276,0.39111361680747614,0.0,-1.0840729952263438e-16,-1.503219268478072e-17,0.0,0.0,0.0,0.0,0.0,0.0,0.0,0.0,0.0,0.0,-8.708363377437147e-18,1.739765388514788e-17,1638.0,1362.0,1362.0,1638.0,1500.0,1500.0,1500.0,1500.0
1.1,1.0,0.6949876979908561,0.3827754479488342,0.0,-1.1062449502376201e-16,-1.2607447975362402e-17,0.0,0.0,0.0,0.0,0.0,0.0,0.0,0.0,0.0,0.0,-8.621497452747212e-18,1.739503639726046e-17,1635.0,1365.0,1365.0,1635.0,1500.0,1500.0,1500.0,1500.0
1.2000000000000002,1.0,0.7058148007330345,0.37464001584400863,0.0,-1.1170394314401014e-16,-1.1832063741455915e-17,0.0,0.0,0.0,0.0,0.0,0.0,0.0,0.0,0.0,0.0,-8.26002045822399e-18,1.71018199059839e-17,1632.0,1368.0,1368.0,1632.0,1500.0,1500.0,1500.0,1500.0
1.3,1.0,0.7153119872749512,0.36785674444782207,0.0,-1.1385553543707238e-16,-9.426953411462299e-18,0.0,0.0,0.0,0.0,0.0,0.0,0.0,0.0,0.0,0.0,-7.902149196721136e-18,1.69345721434171e-17,1630.0,1370.0,1370.0,1630.0,1500.0,1500.0,1500.0,1500.0
1.4000000000000001,1.0,0.7240629513768373,0.36135751213708445,0.0,-1.1596431104350267e-16,-7.524817586051404e-18,0.0,0.0,0.0,0.0,0.0,0.0,0.0,0.0,0.0,0.0,-7.272370143619704e-18,1.647736040646177e-17,1628.0,1372.0,1372.0,1628.0,1500.0,1500.0,1500.0,1500.0
1.5,1.0,0.7323611570791727,0.3550646937416694,0.0,-1.1693749682495798e-16,-6.784322097551527e-18,0.0,0.0,0.0,0.0,0.0,0.0,0.0,0.0,0.0,0.0,-7.199828251437098e-18,1.6720663663646972e-17,1626.0,1374.0,1374.0,1626.0,1500.0,1500.0,1500.0,1500.0
1.6,1.0,0.7399370000601856,0.34953152475218047,0.0,-1.1679769101895535e-16,-6.6958328373594204e-18,0.0,0.0,0.0,0.0,0.0,0.0,0.0,0.0,0.0,0.0,-7.128009964629014e-18,1.671911039646619e-17,1624.0,1376.0,1376.0,1624.0,1500.0,1500.0,1500.0,1500.0
1.7000000000000002,1.0,0.7468048553380299,0.34446477673445025,0.0,-1.1775429253889913e-16,-4.971141825596279e-18,0.0,0.0,0.0,0.0,0.0,0.0,0.0,0.0,0.0,0.0,-7.05690806523184e-18,1.6716578709580342e-17,1622.0,1378.0,1378.0,1622.0,1500.0,1500.0,1500.0,1500.0
1.8,1.0,0.7528395047610374,0.3401180130225014,0.0,-1.1759823249818905e-16,-4.89030611393184e-18,0.0,0.0,0.0,0.0,0.0,0.0,0.0,0.0,0.0,0.0,-6.986515407281152e-18,1.6714082100852612e-17,1620.0,1380.0,1380.0,1620.0,1500.0,1500.0,1500.0,1500.0
1.9000000000000001,1.0,0.7583361433396424,0.33600413867684065,0.0,-1.174452780522891e-16,-4.335239655354702e-18,0.0,0.0,0.0,0.0,0.0,0.0,0.0,0.0,0.0,0.0,-6.916824916093522e-18,1.6709894270534455e-17,1619.0,1381.0,1381.0,1619.0,1500.0,1500.0,1500.0,1500.0
2.0,1.0,0.7637233988105331,0.3319182160495725,0.0,-1.1729536739986256e-16,-3.757508948075756e-18,0.0,0.0,0.0,0.0,0.0,0.0,0.0,0.0,0.0,0.0,-6.847829587555489e-18,1.670844938808884e-17,1617.0,1383.0,1383.0,1617.0,1500.0,1500.0,1500.0,1500.0
2.1,1.0,0.7680282981488221,0.3290358643698903,0.0,-1.182420651598263e-16,-2.03600816447607e-18,0.0,0.0,0.0,0.0,0.0,0.0,0.0,0.0,0.0,0.0,-7.055000044851691e-18,1.699465575364324e-17,1616.0,1384.0,1384.0,1616.0,1500.0,1500.0,1500.0,1500.0
2.2,1.0,0.7722475299902792,0.32577171166100377,0.0,-1.1916992363436676e-16,-8.149099359333293e-19,0.0,0.0,0.0,0.0,0.0,0.0,0.0,0.0,0.0,0.0,-7.260103976836364e-18,1.7158190893657394e-17,1615.0,1385.0,1385.0,1615.0,1500.0,1500.0,1500.0,1500.0
2.3000000000000003,1.0,0.7763827991180914,0.3224949907597653,0.0,-1.2007931772526386e-16,3.863559336188975e-19,0.0,0.0,0.0,0.0,0.0,0.0,0.0,0.0,0.0,0.0,-7.463161997099491e-18,1.7323477496493162e-17,1614.0,1386.0,1386.0,1614.0,1500.0,1500.0,1500.0,1500.0
2.4000000000000004,1.0,0.7795999337484906,0.3204843465770985,0.0,-1.1987698968334513e-16,4.269190607911182e-19,0.0,0.0,0.0,0.0,0.0,0.0,0.0,0.0,0.0,0.0,-7.388716956178423e-18,1.7192828534906093e-17,1613.0,1387.0,1387.0,1613.0,1500.0,1500.0,1500.0,1500.0
2.5,1.0,0.7821958189718986,0.3187424790172218,0.0,-1.1967868796946058e-16,9.887269075734898e-19,0.0,0.0,0.0,0.0,0.0,0.0,0.0,0.0,0.0,0.0,-7.315014504540543e-18,1.719060752118167e-17,1613.0,1387.0,1387.0,1613.0,1500.0,1500.0,1500.0,1500.0
2.6,1.0,0.7847400460793609,0.3167794946112315,0.0,-1.1948433245968236e-16,1.5503444142410272e-18,0.0,0.0,0.0,0.0,0.0,0.0,0.0,0.0,0.0,0.0,-7.242047234857751e-18,1.7188124757342383e-17,1612.0,1388.0,1388.0,1612.0,1500.0,1500.0,1500.0,1500.0
2.7,1.0,0.7872336430673845,0.3148575808646427,0.0,-1.192938446245487e-16,2.1137891662068647e-18,0.0,0.0,0.0,0.0,0.0,0.0,0.0,0.0,0.0,0.0,-7.169807813690046e-18,1.718575001037999e-17,1611.0,1389.0,1389.0,1611.0,1500.0,1500.0,1500.0,1500.0
2.8000000000000003,1.0,0.7896776174753466,0.31297166823985284,0.0,-1.1910714749733421e-16,2.677288455823776e-18,0.0,0.0,0.0,0.0,0.0,0.0,0.0,0.0,0.0,0.0,-7.098288980748488e-18,1.7183278076297627e-17,1611.0,1389.0,1389.0,1611.0,1500.0,1500.0,1500.0,1500.0
2.9000000000000004,1.0,0.7920729567925903,0.3111231993158848,0.0,-1.1892416564295128e-16,3.2409345607975365e-18,0.0,0.0,0.0,0.0,0.0,0.0,0.0,0.0,0.0,0.0,-7.027483548165524e-18,1.718076899790646e-17,1610.0,1390.0,1390.0,1610.0,1500.0,1500.0,1500.0,1500.0
3.0,1.0,0.7938634004295746,0.30999631615061046,0.0,-1.1874482512747058e-16,3.807736321011546e-18,0.0,0.0,0.0,0.0,0.0,0.0,0.0,0.0,0.0,0.0,-6.957384399772572e-18,1.717850762812744e-17,1610.0,1390.0,1390.0,1610.0,1500.0,1500.0,1500.0,1500.0
3.1,1.0,0.7956182142381829,0.3086433212155901,0.0,-1.1856905348824793e-16,4.37549374164285e-18,0.0,0.0,0.0,0.0,0.0,0.0,0.0,0.0,0.0,0.0,-6.887984490384841e-18,1.7176194928662394e-17,1609.0,1391.0,1391.0,1609.0,1500.0,1500.0,1500.0,1500.0
3.2,1.0,0.7967808788241535,0.30801751546665096,0.0,-1.1839677970464582e-16,4.9740901558301594e-18,0.0,0.0,0.0,0.0,0.0,0.0,0.0,0.0,0.0,0.0,-6.819276845093252e-18,1.7176615811132352e-17,1609.0,1391.0,1391.0,1609.0,1500.0,1500.0,1500.0,1500.0
3.3000000000000003,1.0,0.7979204063848633,0.30713374852790937,0.0,-1.1822793416933738e-16,5.563238057430934e-18,0.0,0.0,0.0,0.0,0.0,0.0,0.0,0.0,0.0,0.0,-6.751254558563447e-18,1.7175194358511167e-17,1609.0,1391.0,1391.0,1609.0,1500.0,1500.0,1500.0,1500.0
3.4000000000000004,1.0,0.799037257347115,0.306258013410139,0.0,-1.180624486601816e-16,6.132027334818453e-18,0.0,0.0,0.0,0.0,0.0,0.0,0.0,0.0,0.0,0.0,-6.683910794341777e-18,1.7172077800411624e-17,1608.0,1392.0,1392.0,1608.0,1500.0,1500.0,1500.0,1500.0
3.5,1.0,0.8001318829752179,0.30541393837753117,0.0,-1.17900256312658e-16,6.7038816678128234e-18,0.0,0.0,0.0,0.0,0.0,0.0,0.0,0.0,0.0,0.0,-6.617238784168217e-18,1.7169840015860783e-17,1608.0,1392.0,1392.0,1608.0,1500.0,1500.0,1500.0,1500.0
3.6,1.0,0.8012047255533215,0.30460488249337453,0.0,-1.1774129159285012e-16,7.306011271024983e-18,0.0,0.0,0.0,0.0,0.0,0.0,0.0,0.0,0.0,0.0,-6.5512318272961396e-18,1.7170229374671633e-17,1608.0,1392.0,1392.0,1608.0,1500.0,1500.0,1500.0,1500.0
3.7,1.0,0.8022562185641208,0.3037756022886405,0.0,-1.1758549027096643e-16,7.876554535124383e-18,0.0,0.0,0.0,0.0,0.0,0.0,0.0,0.0,0.0,0.0,-6.485883289818861e-18,1.716687098534854e-17,1607.0,1393.0,1393.0,1607.0,1500.0,1500.0,1500.0,1500.0
3.8000000000000003,1.0,0.8032867868640052,0.3029789309466295,0.0,-1.1743278939538822e-16,8.447508937321922e-18,0.0,0.0,0.0,0.0,0.0,0.0,0.0,0.0,0.0,0.0,-6.421186604002917e-18,1.7164381678355318e-17,1607.0,1393.0,1393.0,1607.0,1500.0,1500.0,1500.0,1500.0
3.9000000000000004,1.0,0.8042968468547219,0.3022005584346309,0.0,-1.17283127267234e-16,9.020334503270612e-18,0.0,0.0,0.0,0.0,0.0,0.0,0.0,0.0,0.0,0.0,-6.3571352676279875e-18,1.7162101669082552e-17,1607.0,1393.0,1393.0,1607.0,1500.0,1500.0,1500.0,1500.0
4.0,1.0,0.8052868066516233,0.301438724174857,0.0,-1.1713644341543008e-16,9.596376858903705e-18,0.0,0.0,0.0,0.0,0.0,0.0,0.0,0.0,0.0,0.0,-6.2937228433333985e-18,1.7160025290974682e-17,1607.0,1393.0,1393.0,1607.0,1500.0,1500.0,1500.0,1500.0
4.1000000000000005,1.0,0.8062570662485664,0.3007096359382962,0.0,-1.1699267857227705e-16,1.0206617845893612e-17,0.0,0.0,0.0,0.0,0.0,0.0,0.0,0.0,0.0,0.0,-6.2309429579711476e-18,1.716074119906925e-17,1606.0,1394.0,1394.0,1606.0,1500.0,1500.0,1500.0,1500.0
4.2,1.0,0.8066507892516841,0.3006377179828313,0.0,-1.1739858724470625e-16,1.1352554728053552e-17,0.0,0.0,0.0,0.0,0.0,0.0,0.0,0.0,0.0,0.0,-6.444266859397455e-18,1.744620610769436e-17,1606.0,1394.0,1394.0,1606.0,1500.0,1500.0,1500.0,1500.0
4.3,1.0,0.8070366771670399,0.3003475801548708,0.0,-1.177964183345541e-16,1.2273796403136943e-17,0.0,0.0,0.0,0.0,0.0,0.0,0.0,0.0,0.0,0.0,-6.655462854907034e-18,1.7607125832797377e-17,1606.0,1394.0,1394.0,1606.0,1500.0,1500.0,1500.0,1500.0
4.4,1.0,0.80741488591288,0.3000493165784174,0.0,-1.18186332585714e-16,1.3179962074027668e-17,0.0,0.0,0.0,0.0,0.0,0.0,0.0,0.0,0.0,0.0,-6.864552170361406e-18,1.7774178066134466e-17,1606.0,1394.0,1394.0,1606.0,1500.0,1500.0,1500.0,1500.0
4.5,1.0,0.807785568304678,0.2997634410763155,0.0,-1.1856848754327582e-16,1.4076637543520165e-17,0.0,0.0,0.0,0.0,0.0,0.0,0.0,0.0,0.0,0.0,-7.07155581989412e-18,1.7937474976910097e-17,1606.0,1394.0,1394.0,1606.0,1500.0,1500.0,1500.0,1500.0
4.6000000000000005,1.0,0.8081488741168792,0.2994834583704402,0.0,-1.1894303761718214e-16,1.4971379000714313e-17,0.0,0.0,0.0,0.0,0.0,0.0,0.0,0.0,0.0,0.0,-7.276494608022745e-18,1.8100640510675784e-17,1606.0,1394.0,1394.0,1606.0,1500.0,1500.0,1500.0,1500.0
4.7,1.0,0.8085049501434176,0.2992088113855835,0.0,-1.1931013414461774e-16,1.5863470286000598e-17,0.0,0.0,0.0,0.0,0.0,0.0,0.0,0.0,0.0,0.0,-7.479389131739788e-18,1.8263872436840942e-17,1606.0,1394.0,1394.0,1606.0,1500.0,1500.0,1500.0,1500.0
4.800000000000001,1.0,0.8088539402570278,0.29893962360916837,0.0,-1.1966992545115736e-16,1.6752780777438455e-17,0.0,0.0,0.0,0.0,0.0,0.0,0.0,0.0,0.0,0.0,-7.680259782582752e-18,1.8426988570192457e-17,1606.0,1394.0,1394.0,1606.0,1500.0,1500.0,1500.0,1500.0
4.9,1.0,0.8091959854673773,0.29866775292279035,0.0,-1.2002255691069685e-16,1.7613599478868382e-17,0.0,0.0,0.0,0.0,0.0,0.0,0.0,0.0,0.0,0.0,-7.879126748683558e-18,1.8592388258158444e-17,1606.0,1394.0,1394.0,1606.0,1500.0,1500.0,1500.0,1500.0
5.0,1.0,0.8095312239780407,0.2984176003699951,0.0,-1.2036817100419151e-16,1.8490724803046742e-17,0.0,0.0,0.0,0.0,0.0,0.0,0.0,0.0,0.0,0.0,-8.076010016797509e-18,1.8750549081441012e-17,1606.0,1394.0,1394.0,1606.0,1500.0,1500.0,1500.0,1500.0
5.1000000000000005,1.0,0.8098597912423419,0.29816418848926934,0.0,-1.2070690737722562e-16,1.9373985272721348e-17,0.0,0.0,0.0,0.0,0.0,0.0,0.0,0.0,0.0,0.0,-8.270929374312023e-18,1.89134771305177e-17,1605.0,1395.0,1395.0,1605.0,1500.0,1500.0,1500.0,1500.0
5.2,1.0,0.8097638986971988,0.2984265671871055,0.0,-1.2103890289643634e-16,2.0254569604363674e-17,0.0,0.0,0.0,0.0,0.0,0.0,0.0,0.0,0.0,0.0,-8.46390441123533e-18,1.907632863609606e-17,1606.0,1394.0,1394.0,1606.0,1500.0,1500.0,1500.0,1500.0
5.300000000000001,1.0,0.8100878357345888,0.2979885063125088,0.0,-1.2136429170481478e-16,2.1133998661737754e-17,0.0,0.0,0.0,0.0,0.0,0.0,0.0,0.0,0.0,0.0,-8.654954522165326e-18,1.923896275751431e-17,1605.0,1395.0,1395.0,1605.0,1500.0,1500.0,1500.0,1500.0
5.4,1.0,0.8099874051040499,0.2982541854462231,0.0,-1.2168320527590647e-16,2.2011293803543306e-17,0.0,0.0,0.0,0.0,0.0,0.0,0.0,0.0,0.0,0.0,-8.844098908238796e-18,1.9401728073804938e-17,1605.0,1395.0,1395.0,1605.0,1500.0,1500.0,1500.0,1500.0
5.5,1.0,0.8098889730430588,0.29833012880201637,0.0,-1.2199577246693345e-16,2.2885878719139786e-17,0.0,0.0,0.0,0.0,0.0,0.0,0.0,0.0,0.0,0.0,-9.031356579061184e-18,1.956439962178291e-17,1605.0,1395.0,1395.0,1605.0,1500.0,1500.0,1500.0,1500.0
5.6000000000000005,1.0,0.8097924997800815,0.2984044635816775,0.0,-1.22302119570859e-16,2.3758988350731075e-17,0.0,0.0,0.0,0.0,0.0,0.0,0.0,0.0,0.0,0.0,-9.216746354617118e-18,1.9726879137663373e-17,1606.0,1394.0,1394.0,1606.0,1500.0,1500.0,1500.0,1500.0
5.7,1.0,0.8101158676559221,0.29796681929824326,0.0,-1.2260237036741643e-16,2.463047914112518e-17,0.0,0.0,0.0,0.0,0.0,0.0,0.0,0.0,0.0,0.0,-9.400286867161881e-18,1.9889383328258176e-17,1605.0,1395.0,1395.0,1605.0,1500.0,1500.0,1500.0,1500.0
5.800000000000001,1.0,0.8100148791901488,0.298232973236067,0.0,-1.2289664617312237e-16,2.5500361878169284e-17,0.0,0.0,0.0,0.0,0.0,0.0,0.0,0.0,0.0,0.0,-9.58199656309401e-18,2.005183396592653e-17,1605.0,1395.0,1395.0,1605.0,1500.0,1500.0,1500.0,1500.0
5.9,1.0,0.8099159003948443,0.2983091231991037,0.0,-1.2318506589029475e-16,2.637066626804098e-17,0.0,0.0,0.0,0.0,0.0,0.0,0.0,0.0,0.0,0.0,-9.761893704809217e-18,2.0214169570955592e-17,1605.0,1395.0,1395.0,1605.0,1500.0,1500.0,1500.0,1500.0
6.0,1.0,0.8098188912775663,0.2983840797372307,0.0,-1.234677460550954e-16,2.723757614466883e-17,0.0,0.0,0.0,0.0,0.0,0.0,0.0,0.0,0.0,0.0,-9.939996372535814e-18,2.0376830264049628e-17,1605.0,1395.0,1395.0,1605.0,1500.0,1500.0,1500.0,1500.0
6.1000000000000005,1.0,0.8097238126417223,0.2984574205185619,0.0,-1.2374480088461653e-16,2.8101847009360266e-17,0.0,0.0,0.0,0.0,0.0,0.0,0.0,0.0,0.0,0.0,-1.011632246615184e-17,2.0539160587819534e-17,1606.0,1394.0,1394.0,1606.0,1500.0,1500.0,1500.0,1500.0
6.2,1.0,0.8100485473916162,0.2980185467775058,0.0,-1.2401634232303016e-16,2.8963649020474183e-17,0.0,0.0,0.0,0.0,0.0,0.0,0.0,0.0,0.0,0.0,-1.0290889706984045e-17,2.0701393678522504e-17,1605.0,1395.0,1395.0,1605.0,1500.0,1500.0,1500.0,1500.0
6.300000000000001,1.0,0.8099488985991027,0.29828391479502103,0.0,-1.2428248008681936e-16,2.982371627880321e-17,0.0,0.0,0.0,0.0,0.0,0.0,0.0,0.0,0.0,0.0,-1.0463715639588948e-17,2.0863477362375907e-17,1605.0,1395.0,1395.0,1605.0,1500.0,1500.0,1500.0,1500.0
6.4,1.0,0.80985123281756,0.2983591869234506,0.0,-1.2454332170910917e-16,3.0682553431251386e-17,0.0,0.0,0.0,0.0,0.0,0.0,0.0,0.0,0.0,0.0,-1.0634817633516118e-17,2.1025502900769233e-17,1605.0,1395.0,1395.0,1605.0,1500.0,1500.0,1500.0,1500.0
6.5,1.0,0.8097555105850701,0.2984329676575342,0.0,-1.247989725831154e-16,3.154018037880772e-17,0.0,0.0,0.0,0.0,0.0,0.0,0.0,0.0,0.0,0.0,-1.0804212885053863e-17,2.1187516606420748e-17,1606.0,1394.0,1394.0,1606.0,1500.0,1500.0,1500.0,1500.0
6.6000000000000005,1.0,0.8100796145458914,0.2979941851545918,0.0,-1.2504953600472894e-16,3.2393764594268783e-17,0.0,0.0,0.0,0.0,0.0,0.0,0.0,0.0,0.0,0.0,-1.097191841895752e-17,2.134956815651763e-17,1605.0,1395.0,1395.0,1605.0,1500.0,1500.0,1500.0,1500.0
6.7,1.0,0.8099793475170076,0.29826052711255563,0.0,-1.2529511321425234e-16,3.324588568087132e-17,0.0,0.0,0.0,0.0,0.0,0.0,0.0,0.0,0.0,0.0,-1.1137951090160487e-17,2.151123022499209e-17,1605.0,1395.0,1395.0,1605.0,1500.0,1500.0,1500.0,1500.0
6.800000000000001,1.0,0.8098810758019988,0.2983348163435661,0.0,-1.2553580343730624e-16,3.4117864064050996e-17,0.0,0.0,0.0,0.0,0.0,0.0,0.0,0.0,0.0,0.0,-1.1302327585468206e-17,2.1672675369048266e-17,1605.0,1395.0,1395.0,1605.0,1500.0,1500.0,1500.0,1500.0
6.9,1.0,0.8097847596941186,0.2984104306249581,0.0,-1.2577170392492136e-16,3.4972452509478435e-17,0.0,0.0,0.0,0.0,0.0,0.0,0.0,0.0,0.0,0.0,-1.1465064425235229e-17,2.183674523569047e-17,1606.0,1394.0,1394.0,1606.0,1500.0,1500.0,1500.0,1500.0
7.0,1.0,0.8101082815976698,0.2979727291501222,0.0,-1.2600290999283295e-16,3.5822655230393624e-17,0.0,0.0,0.0,0.0,0.0,0.0,0.0,0.0,0.0,0.0,-1.1626177965025577e-17,2.199849528793117e-17,1605.0,1395.0,1395.0,1605.0,1500.0,1500.0,1500.0,1500.0
7.1000000000000005,1.0,0.8100074440944557,0.29823871590552953,0.0,-1.262295150599931e-16,3.667134217969894e-17,0.0,0.0,0.0,0.0,0.0,0.0,0.0,0.0,0.0,0.0,-1.1785684397256515e-17,2.216023810916841e-17,1605.0,1395.0,1395.0,1605.0,1500.0,1500.0,1500.0,1500.0
7.2,1.0,0.8099086132575555,0.2983149497747386,0.0,-1.2645161068631675e-16,3.7518143166136507e-17,0.0,0.0,0.0,0.0,0.0,0.0,0.0,0.0,0.0,0.0,-1.194359975282595e-17,2.232191286971342e-17,1605.0,1395.0,1395.0,1605.0,1500.0,1500.0,1500.0,1500.0
7.300000000000001,1.0,0.8098117491543096,0.2983896251334242,0.0,-1.2666928660967655e-16,3.83636429891536e-17,0.0,0.0,0.0,0.0,0.0,0.0,0.0,0.0,0.0,0.0,-1.2099939902723579e-17,2.2483483519743216e-17,1605.0,1395.0,1395.0,1605.0,1500.0,1500.0,1500.0,1500.0
7.4,1.0,0.8097168126467185,0.2984628277210207,0.0,-1.2688263078216148e-16,3.9207755065417977e-17,0.0,0.0,0.0,0.0,0.0,0.0,0.0,0.0,0.0,0.0,-1.225472055962598e-17,2.2645017440758126e-17,1606.0,1394.0,1394.0,1606.0,1500.0,1500.0,1500.0,1500.0
7.5,1.0,0.810041686696513,0.2980239491047644,0.0,-1.2709172940561399e-16,4.005048318188104e-17,0.0,0.0,0.0,0.0,0.0,0.0,0.0,0.0,0.0,0.0,-1.240795727947578e-17,2.2806491151444444e-17,1605.0,1395.0,1395.0,1605.0,1500.0,1500.0,1500.0,1500.0
7.6000000000000005,1.0,0.8099421744318319,0.2982890930719353,0.0,-1.2729666696645977e-16,4.089158454256351e-17,0.0,0.0,0.0,0.0,0.0,0.0,0.0,0.0,0.0,0.0,-1.2559665463045079e-17,2.2967906921289604e-17,1605.0,1395.0,1395.0,1605.0,1500.0,1500.0,1500.0,1500.0
7.7,1.0,0.809844642461218,0.29836425222292706,0.0,-1.2749752626984474e-16,4.173195240377174e-17,0.0,0.0,0.0,0.0,0.0,0.0,0.0,0.0,0.0,0.0,-1.2709860357483274e-17,2.312923955000256e-17,1605.0,1395.0,1395.0,1605.0,1500.0,1500.0,1500.0,1500.0
7.800000000000001,1.0,0.8097490513768193,0.29843794908716353,0.0,-1.2769438847309233e-16,4.257127020548701e-17,0.0,0.0,0.0,0.0,0.0,0.0,0.0,0.0,0.0,0.0,-1.2858557057849447e-17,2.329058760744086e-17,1606.0,1394.0,1394.0,1606.0,1500.0,1500.0,1500.0,1500.0
7.9,1.0,0.8100732838758848,0.297999672111103,0.0,-1.278873331184953e-16,4.3409374160360865e-17,0.0,0.0,0.0,0.0,0.0,0.0,0.0,0.0,0.0,0.0,-1.3005770508629467e-17,2.345189742344523e-17,1605.0,1395.0,1395.0,1605.0,1500.0,1500.0,1500.0,1500.0
8.0,1.0,0.8099731428273342,0.29826518248285555,0.0,-1.2807643816545476e-16,4.424605157659916e-17,0.0,0.0,0.0,0.0,0.0,0.0,0.0,0.0,0.0,0.0,-1.3151515505237957e-17,2.3613154182695583e-17,1605.0,1395.0,1395.0,1605.0,1500.0,1500.0,1500.0,1500.0
8.1,1.0,0.8098749945856498,0.2983410757264414,0.0,-1.2826178002197972e-16,4.5078306601890845e-17,0.0,0.0,0.0,0.0,0.0,0.0,0.0,0.0,0.0,0.0,-1.3295806695505277e-17,2.3774281202906984e-17,1605.0,1395.0,1395.0,1605.0,1500.0,1500.0,1500.0,1500.0
8.200000000000001,1.0,0.8097787994939749,0.2984150069850554,0.0,-1.2844343357555985e-16,4.591252352458287e-17,0.0,0.0,0.0,0.0,0.0,0.0,0.0,0.0,0.0,0.0,-1.3438658581149681e-17,2.3935102188553774e-17,1606.0,1394.0,1394.0,1606.0,1500.0,1500.0,1500.0,1500.0
8.3,1.0,0.810102440005509,0.29797709145956774,0.0,-1.2862147222342373e-16,4.674553568980635e-17,0.0,0.0,0.0,0.0,0.0,0.0,0.0,0.0,0.0,0.0,-1.3580085519234782e-17,2.4096212927559755e-17,1605.0,1395.0,1395.0,1605.0,1500.0,1500.0,1500.0,1500.0
8.4,1.0,0.810001718749979,0.29824314514596534,0.0,-1.2879596790219512e-16,4.757766439946607e-17,0.0,0.0,0.0,0.0,0.0,0.0,0.0,0.0,0.0,0.0,-1.3720101723612484e-17,2.4257232416762323e-17,1605.0,1395.0,1395.0,1605.0,1500.0,1500.0,1500.0,1500.0
8.5,1.0,0.8099030018474339,0.298319279549736,0.0,-1.2896699111695896e-16,4.840842386196092e-17,0.0,0.0,0.0,0.0,0.0,0.0,0.0,0.0,0.0,0.0,-1.3858721266351517e-17,2.4418223549729325e-17,1605.0,1395.0,1395.0,1605.0,1500.0,1500.0,1500.0,1500.0
8.6,1.0,0.8098062494112496,0.2983938451776582,0.0,-1.2913461096974898e-16,4.923860128972918e-17,0.0,0.0,0.0,0.0,0.0,0.0,0.0,0.0,0.0,0.0,-1.3995958079151728e-17,2.4579153146234143e-17,1605.0,1395.0,1395.0,1605.0,1500.0,1500.0,1500.0,1500.0
8.700000000000001,1.0,0.8097114223485452,0.29846740102522457,0.0,-1.2929889518746848e-16,5.006093127471602e-17,0.0,0.0,0.0,0.0,0.0,0.0,0.0,0.0,0.0,0.0,-1.4131825954744258e-17,2.47398835925218e-17,1606.0,1394.0,1394.0,1606.0,1500.0,1500.0,1500.0,1500.0
8.8,1.0,0.8100364036652734,0.2980266016585577,0.0,-1.2945991014925537e-16,5.0881358902889714e-17,0.0,0.0,0.0,0.0,0.0,0.0,0.0,0.0,0.0,0.0,-1.426633854827775e-17,2.4899915243210336e-17,1605.0,1395.0,1395.0,1605.0,1500.0,1500.0,1500.0,1500.0
8.9,1.0,0.809936996532914,0.29829523481840375,0.0,-1.2961772091330272e-16,5.167631734668503e-17,0.0,0.0,0.0,0.0,0.0,0.0,0.0,0.0,0.0,0.0,-1.439950937869075e-17,2.505917231644011e-17,1605.0,1395.0,1395.0,1605.0,1500.0,1500.0,1500.0,1500.0
9.0,1.0,0.8098395676024884,0.2983681610296714,0.0,-1.297723912431455e-16,5.249894595946749e-17,0.0,0.0,0.0,0.0,0.0,0.0,0.0,0.0,0.0,0.0,-1.453135183007038e-17,2.5217036408603897e-17,1605.0,1395.0,1395.0,1605.0,1500.0,1500.0,1500.0,1500.0
9.1,1.0,0.8097440775077784,0.2984418393155856,0.0,-1.299239836334244e-16,5.332325484050676e-17,0.0,0.0,0.0,0.0,0.0,0.0,0.0,0.0,0.0,0.0,-1.46618791529975e-17,2.537774624690606e-17,1606.0,1394.0,1394.0,1606.0,1500.0,1500.0,1500.0,1500.0
9.200000000000001,1.0,0.8100684089868379,0.29800338889468836,0.0,-1.3007255933513678e-16,5.41472332774324e-17,0.0,0.0,0.0,0.0,0.0,0.0,0.0,0.0,0.0,0.0,-1.479110446587842e-17,2.5538367294826054e-17,1605.0,1395.0,1395.0,1605.0,1500.0,1500.0,1500.0,1500.0
9.3,1.0,0.8099683649485793,0.29826887065930613,0.0,-1.3021817838038507e-16,5.4970242019928055e-17,0.0,0.0,0.0,0.0,0.0,0.0,0.0,0.0,0.0,0.0,-1.4919040756263352e-17,2.569899984245381e-17,1605.0,1395.0,1395.0,1605.0,1500.0,1500.0,1500.0,1500.0
9.4,1.0,0.809870311786682,0.2983447989009167,0.0,-1.3036089960663293e-16,5.578729407835012e-17,0.0,0.0,0.0,0.0,0.0,0.0,0.0,0.0,0.0,0.0,-1.5045700882151694e-17,2.585936409407118e-17,1605.0,1395.0,1395.0,1605.0,1500.0,1500.0,1500.0,1500.0
9.5,1.0,0.8097742098827065,0.2984185494910126,0.0,-1.3050078068047845e-16,5.660835104620856e-17,0.0,0.0,0.0,0.0,0.0,0.0,0.0,0.0,0.0,0.0,-1.51710975732843e-17,2.6019493709464913e-17,1606.0,1394.0,1394.0,1606.0,1500.0,1500.0,1500.0,1500.0
9.600000000000001,1.0,0.8100979417275049,0.29798049312041164,0.0,-1.3063787812095445e-16,5.742829656488812e-17,0.0,0.0,0.0,0.0,0.0,0.0,0.0,0.0,0.0,0.0,-1.529524343242286e-17,2.6179995152029393e-17,1605.0,1395.0,1395.0,1605.0,1500.0,1500.0,1500.0,1500.0
9.700000000000001,1.0,0.8099973099877071,0.29824660030340056,0.0,-1.3077224732236496e-16,5.824695877471722e-17,0.0,0.0,0.0,0.0,0.0,0.0,0.0,0.0,0.0,0.0,-1.541815093661651e-17,2.6340374074539124e-17,1605.0,1395.0,1395.0,1605.0,1500.0,1500.0,1500.0,1500.0
9.8,1.0,0.8098986808195313,0.2983225815426262,0.0,-1.3090394257666742e-16,5.906582249235032e-17,0.0,0.0,0.0,0.0,0.0,0.0,0.0,0.0,0.0,0.0,-1.5539832438455828e-17,2.6500736896550668e-17,1605.0,1395.0,1395.0,1605.0,1500.0,1500.0,1500.0,1500.0
9.9,1.0,0.8098020143718022,0.2983970432507321,0.0,-1.3103301709540925e-16,5.988510769394684e-17,0.0,0.0,0.0,0.0,0.0,0.0,0.0,0.0,0.0,0.0,-1.56603001673143e-17,2.666120381770749e-17,1605.0,1395.0,1395.0,1605.0,1500.0,1500.0,1500.0,1500.0
